scope,pollster,sponsor,field_start,field_end,population,n,question,positive,negative,unsure,wording,source
city column of a statewide poll (city n not published),Quinnipiac University,,2026-09-17,2026-09-20,likely voters,,favorability,60,29,9,,https://poll.qu.edu/poll-release?releaseid=3967
city column of a statewide poll (city n not published),Siena Research Institute,,2026-09-11,2026-09-17,likely voters,,favorability,60,31,,,https://sri.siena.edu/wp-content/uploads/2026/09/SNY-September-2026-Poll-Release-9-23-26.pdf
citywide,Suffolk University Political Research Center (CityView),,2026-09-01,2026-09-03,registered voters,500,performance,57,34,9,How would you rate the job performance of Zohran Mamdani as mayor? {ROTATE .1-.4 ASC-DESC} (Excellent / Good / Fair / Poor),https://www.suffolk.edu/-/media/suffolk/documents/academics/research-at-suffolk/suprc/polls/city-view/2026/9_8_2026_new_york_city_press_release.pdf
city column of a statewide poll (city n not published),Siena Research Institute,,2026-08-03,2026-08-06,likely voters,,favorability,69,24,8,,https://sri.siena.edu/wp-content/uploads/2026/08/SNY0826-Release-Crosstabs_Corrected.pdf
city column of a statewide poll (city n not published),Siena Research Institute,,2026-06-17,2026-06-23,registered voters,,favorability,58,26,16,,https://sri.siena.edu/2026/06/25/hochul-favorability-approval-ratings-edge-up-as-does-her-general-election-lead-over-blakeman-now-52-32-from-49-33/
citywide,Honan Strategy Group (5 Borough Barometer),,2026-06-12,2026-06-17,likely voters,614,approval,,,,Do you approve or disapprove of the job Zohran Mamdani is doing as Mayor of New York City?,https://image.jewishinsider.com/wp-content/uploads/2026/07/02153117/HSG-5-Boro-Barometer-Mamdani-Jewish-7-1-26-Final.docx-With-Watermark.pdf
city column of a statewide poll (city n not published),Siena Research Institute,,2026-04-27,2026-04-30,registered voters,,favorability,56,34,10,,https://sri.siena.edu/2026/06/25/hochul-favorability-approval-ratings-edge-up-as-does-her-general-election-lead-over-blakeman-now-52-32-from-49-33/
citywide,Emerson College Polling,PIX11,2026-04-05,2026-04-06,registered voters,850,approval,43,27,30,Do you approve or disapprove of the job Zohran Mamdani is doing as Mayor? (options: Approve / Disapprove / Neutral or no opinion),https://emersoncollegepolling.com/new-york-city-2026-poll/
citywide,Marist Institute for Public Opinion (Marist Poll),,2026-03-26,2026-03-31,all adults,1454,approval,48,30,23,"Do you approve or disapprove of the job Zohran Mamdani is doing as mayor? [And, would you say you strongly approve/disapprove of the job he is doing or just approve/disapprove?]",https://maristpoll.marist.edu/polls/mayor-mamdanis-first-100-days-april-2026/
citywide,Marist Institute for Public Opinion (Marist Poll),,2026-03-26,2026-03-31,registered voters,1247,approval,49,31,20,Do you approve or disapprove of the job Zohran Mamdani is doing as mayor?,https://maristpoll.marist.edu/polls/mayor-mamdanis-first-100-days-april-2026/
citywide,Marist Institute for Public Opinion (Marist Poll),,2026-03-26,2026-03-31,all adults,1454,favorability,55,33,12,"In general, do you have a very favorable, somewhat favorable, somewhat unfavorable or very unfavorable impression of Zohran Mamdani?",https://maristpoll.marist.edu/polls/mayor-mamdanis-first-100-days-april-2026/
citywide,Marist Institute for Public Opinion (Marist Poll),,2026-03-26,2026-03-31,registered voters,1247,favorability,55,35,10,"In general, do you have a very favorable, somewhat favorable, somewhat unfavorable or very unfavorable impression of Zohran Mamdani?",https://maristpoll.marist.edu/polls/mayor-mamdanis-first-100-days-april-2026/
city column of a statewide poll (city n not published),Siena Research Institute,,2026-02-23,2026-02-26,registered voters,,favorability,63,25,12,Do you have a favorable or unfavorable opinion about Zohran Mamdani?,https://sri.siena.edu/wp-content/uploads/2026/03/SNY0226-Crosstabs.pdf
city column of a statewide poll (city n not published),Siena Research Institute,,2026-01-26,2026-01-28,registered voters,,favorability,68,20,13,Do you have a favorable or unfavorable opinion about Zohran Mamdani?,https://sri.siena.edu/2026/02/03/hochul-with-her-best-ever-favorability-rating-49-40-continues-to-hold-commanding-leads-over-blakeman-54-28-among-dems-delgado-64-11/
