mayor,inaugurated,pollster,sponsor,field_start,field_end,months_since_inauguration,population,n,question,positive,negative,source
Eric Adams,2022-01-01,Quinnipiac University,,2022-02-03,2022-02-07,1.1,registered voters,1343,approve or disapprove,46,27,https://poll.qu.edu/poll-release?releaseid=3834
Eric Adams,2022-01-01,Marist Poll,,2022-03-01,2022-03-08,2.0,all adults,891,approve or disapprove,61,24,https://maristpoll.marist.edu/polls/marist-new-york-city-poll-mayor-eric-adams-job-performance-march-2022/
Eric Adams,2022-01-01,Marist Poll,,2022-03-01,2022-03-08,2.0,registered voters,745,excellent or good grade,40,51,https://maristpoll.marist.edu/wp-content/uploads/2022/03/Marist-Poll_NYC-NOS-and-Tables_202203091244.pdf
Eric Adams,2022-01-01,Quinnipiac University,,2022-04-28,2022-05-02,3.9,registered voters,1249,approve or disapprove,43,37,https://poll.qu.edu/images/polling/nyc/nyc05042022_nydg85.pdf
Eric Adams,2022-01-01,Siena College Research Institute,Spectrum News NY1,2022-05-22,2022-06-01,4.8,all adults,1000,excellent or good grade,29,64,https://sri.siena.edu/wp-content/uploads/2022/06/NYC0522-Crosstabs-Final.pdf
Bill de Blasio,2014-01-01,Quinnipiac University,,2014-01-09,2014-01-15,0.4,registered voters,1288,approve or disapprove,53,13,https://poll.qu.edu/poll-release?releaseid=1996
Bill de Blasio,2014-01-01,Marist Poll,The Wall Street Journal / NBC 4 New York,2014-02-27,2014-03-04,1.9,registered voters,586,excellent or good grade,39,57,https://maristpoll.marist.edu/polls/37-new-mayor-but-city-still-divides/
Bill de Blasio,2014-01-01,Quinnipiac University,,2014-03-12,2014-03-17,2.4,registered voters,1234,approve or disapprove,45,34,https://poll.qu.edu/poll-release?releaseid=2021
Bill de Blasio,2014-01-01,Siena College Research Institute,The New York Times / NY1,2014-03-29,2014-04-03,2.9,all adults,1190,approve or disapprove,49,31,https://sri.siena.edu/wp-content/uploads/2018/06/NYT_Siena_NYC_December_2014_Poll_Release_-_FINAL.pdf
Bill de Blasio,2014-01-01,Quinnipiac University,,2014-06-05,2014-06-09,5.2,registered voters,1033,approve or disapprove,51,28,https://poll.qu.edu/poll-release?releaseid=2050
Bill de Blasio,2014-01-01,Quinnipiac University,,2014-08-20,2014-08-25,7.7,registered voters,1021,approve or disapprove,50,32,https://poll.qu.edu/poll-release?releaseid=2074
Bill de Blasio,2014-01-01,Quinnipiac University,,2014-11-12,2014-11-17,10.4,registered voters,1164,approve or disapprove,49,36,https://poll.qu.edu/poll-release?releaseid=2112
Bill de Blasio,2014-01-01,Siena College Research Institute,The New York Times,2014-12-04,2014-12-10,11.2,all adults,760,approve or disapprove,52,32,https://sri.siena.edu/wp-content/uploads/2018/06/NYT_Siena_NYC_December_2014_Poll_Release_-_FINAL.pdf
Bill de Blasio,2014-01-01,Quinnipiac University,,2014-12-10,2014-12-16,11.4,registered voters,1374,approve or disapprove,47,38,https://poll.qu.edu/poll-release?releaseid=2120
Michael Bloomberg,2002-01-01,Quinnipiac University,,2002-01-29,2002-02-04,1.0,registered voters,1008,approve or disapprove,65,6,https://poll.qu.edu/poll-release?releaseid=455
Michael Bloomberg,2002-01-01,Marist Poll,,2002-02-26,2002-03-04,1.9,registered voters,898,excellent or good grade,50,35,https://web.archive.org/web/20020609151522/http://www.maristpoll.marist.edu/docs/nycpolls/020312my.htm
Michael Bloomberg,2002-01-01,Quinnipiac University,,2002-03-19,2002-03-25,2.6,registered voters,1038,approve or disapprove,62,16,https://poll.qu.edu/poll-release?releaseid=457
Michael Bloomberg,2002-01-01,Quinnipiac University,,2002-07-08,2002-07-15,6.3,registered voters,932,approve or disapprove,57,23,https://poll.qu.edu/poll-release?releaseid=461
Michael Bloomberg,2002-01-01,Quinnipiac University,,2002-11-13,2002-11-19,10.5,registered voters,1004,approve or disapprove,41,46,https://poll.qu.edu/poll-release?releaseid=462
Michael Bloomberg,2002-01-01,CBS News/New York Times,,2002-06-04,2002-06-09,5.1,all adults,940,approve or disapprove,48,26,https://www.cbsnews.com/news/new-york-city-nine-months-later/
Michael Bloomberg,2002-01-01,CBS News/New York Times,,2002-08-25,2002-08-29,7.8,all adults,1008,approve or disapprove,47,31,https://www.cbsnews.com/news/new-york-city-one-year-later/
Rudolph Giuliani,1994-01-01,New York Times/WCBS-TV News,,1994-06-12,1994-06-15,5.4,all adults,1189,approve or disapprove,49,31,https://web.archive.org/web/20150526104703/http://www.nytimes.com/1994/06/21/nyregion/poll-shows-support-for-giuliani-on-not-cutting-police-budget.html
Rudolph Giuliani,1994-01-01,New York Times/WCBS-TV News,,1994-09-29,1994-10-02,9.0,New York City residents within a statewide Times/WCBS-TV poll,495,approve or disapprove,61,,https://web.archive.org/web/20150526102225/http://www.nytimes.com/1994/10/07/nyregion/the-1994-campaign-poll-giuliani-s-approval-rating-rises-to-61.html
Rudolph Giuliani,1994-01-01,Marist Poll (Marist Institute for Public Opinion),,,,11.4,registered voters,,excellent or good grade,51,44,https://web.archive.org/web/20010308020000/http://www.maristpoll.marist.edu:80/nycpolls/991013MY.html
